0x411Dd5Ef3fCE05A6BFcD13F40CffCdEfACb06a66,7564
0x0e8b95ce77940b2719842E65Ff069a95563F38c1,1430
0xac2B24C45Cd3be7aC3512E91e7CE739fdE4e4C95,6930
0x6fF78071482FefB6Ca7692CD2714aE335F907750,2303
0x9a851a26c0672a4baB866adAe2114C85CEbeC722,3968
0x1806028c6EaDA11b9f2308Ff8aa3E23a08E7F9B3,7323
0x4Da7A88E717b8873fd7b3E338B38897B02d73c07,4418
0x62A43821939AcF2eBFB1DFebE23782ca83BDBEaE,3545
0x58526D668Ad89775B8E460f1152320338F719eB2,1993
0xE1AA1Bf35cC6A9a9B6a163EB08b033Df062D4968,3360
0x230383473A57dcda33D6E9B4f2CdAf9aeB934538,3656
0x2759fF47975667C39eD6329Cf9aA42fdBc0FaED7,3751
0xCB50F28DF8f1b726Eae4cA937F99A6A55579b485,5541
0x594251beef79C3f9647380dC01f4D538d9811c38,4260
0x3Bb7913d797a1809881a9367519F8F02A17CF052,7008
0x02D8172C04A192b224e3d8EB58757a45CebA35c8,3877
0xDe7FaADca1E07437Bf62aB10A059DD1F8A6086eC,4971
0x95D2d934ee19D5E0823227509C71f4467Bc6019a,5861
0x14E949cC2A44D80764aD528aD5032a92f7c3118E,7676
0x4DCE739441936e14e393F35c069c196C9AB0458E,4586
0x0C9c3f6E209150E69737dd7c7985D5bdF5D57546,1972
0xc69f99e8BdBa5AFCf240372430b0eC3738B1EB35,6570
0xBa17C8Be935189ffF8b0B49BF2009b57E0d2354F,7080
0xA56B04Ac0731A064f5c6e989020Cc08B73B3CC6A,6772
0xEb47dD744b20eB2Ad6c078BeF5679A493af683B5,6820
0x17744A0e03A6fc620C1f76569fc629D88894b94A,3032
0x4728E69fA1f9114C280813EAB30c0BFBB413cB88,3360
0xC11D9Ec6B470C9F69630686FC2514D4a4B1986dB,4455
0x34a547Cb7bff3CB556e00414e2bD812EC41100A7,2927
0xD6Fe52B967c6fe38e4945c224F91589Eb7B98e00,1172
0x287202FF6213162061af101Cad6536CEf9A797E7,1995
0x60fB19221fee9F5ccb1a3D5B31A0c8899516B8e3,3795
0xE5B19752a29a4078339BF3A83B1E399A30601c53,7696
0x07FF0DC14e191AE65De1Ca0bCA2325d5FAB86B75,2235
0x98a57718b70078A2A8E5f773d97db07cB8FA9A6B,5922
0x7633913427aBc9d335B9DF6912dE2F46a976B1C1,5646
0x603eEa2e7346bb42Ccd63f02f5ea0D33e2C638DB,7255
0x136D2cd0F5108aDe19775330dB9B7B117D10EAA6,2739
0x6F5AC5A8bc0619902816f65830E3A350721972b3,1007
0x8Ad5bC959c44158Eaae96487b1766a53212ae6B7,2791
0xCaA337717B732A4a2688058dbc07d5239e38c7Be,4117
0xDA2e86fdA31bE53042323308b3381c28EE307c5D,7666
0xeE67987115f2198a3d8669553bd6Dda2a4f0dD88,2056
0x4339Fa7385550E301514Edea9EaaE835bba5cC52,1115
0xBc3a2698969e13E30585d086781C7282f81e2840,2074
0xcBC7A217bc5E5bA7Bd9B170B50b6b2C3dE2a8154,2884
0xdFfDEA346328C8e0958Ca1F7B7cF4484aD57191A,1512
0xc70F4c51496B371bbE7449b0F84F53770460602d,6427
0x3bf83ED6c3569ed8e15DFc4c99E623E9e3C7Fa89,2675
0x7c5D45a19fA347275eef4760be3d1ef49375D517,5929
0x6FbBfc8ce08155cE8955421b1b5bC3EBE669f870,2668
0x6FF550c80d939e2C96A655B61Eb1266e7cBeDd98,5872
0xa1040382F6b494852BCf5C09bB557fb95cc9EBB6,3202
0x5D1b805A2E71F9818e28A66A941934136486520f,6883
0x6652D9740e1aAB29235E4582DF643F905E8b6042,3757
0xa47c9e4d72515E8E3a6E20526F8dE04a0C840e6C,4075
0x6348AbFfcD491F6D6D74F355611D5F0f7FeF9FdC,943
0x21924c7A745Ff0430C30c1e9ee4817d3754EE242,6564
0x7C119c0b42C4AdfC3217927abC5B2C560c8FfC2c,6015
0xA56884794C436B29d5E88d7a3E417b2F2FF59037,2011
0x5CCB9E2a846b2087c35e5e175A9051635c49B69B,2856
0x99ae998d9036710452Fdd35d45284434A825C021,6088
0xfe35dE1b0219540a90C87dc52163b0196042b67c,5181
0x8aFd29D8d8774c1E2d58989676e65f221d25a126,5828
0xA58eA5aA2d79dbCbBbF8639E7aff5EaFD93c5A68,1214
0x3f3F13154a9a6a2f2FE69ab2708493Fb5dA6551D,3492
0x7F3D06efF015b7581cccd07928DbF94C3D9aa73D,3596
0xBdFe14f54DAda07670a3B7Cf2F8FEFE3bA211276,2589
0x583Ffa795bc8a891f9A03ab33bF581781BF103cD,7607
0x5Eff13D3FfDc47aae03B828DC09aF62C61011b76,3061
0x8e74cedE086D771Cf26E38d8bf8111649F1EC528,6003
0xd914afDEb068C5f129BfE01e4Ed135Df812dEcE2,3904
0x0FB75A168053Ed08434F8C97dcD66A1De3929Fac,3149
0x2870720330f40b8Da3036C47Ff2dbe1a280a46e2,6650
0x5486fF758CEd6b8c54B2b44E3DE7Ef74C19f7115,2854
0x143004909120ce76d9d08E449c239d92B862c669,5153
0x17B36b0F3f148952Dd5F87F72Ec9FaBE736B981a,1113
0xF2a24ff9e5e1e685f4F3968891D1c5832439D0a6,3843
0x6d0f9A18b709A96Ff09640B21517EEe20c6A33c2,6862
0x0599547528cD56fa0F5Bb08E45b3D592De27fFC4,6216
0xff0F9290777b57Bf0866de05681751379F4DA506,2480
0x9e455ffB4dE850E0C1259380cd4DA67CbD0C08db,5025
0xa2fee616De3Ee0523b26FA18F355Df7d8b1D0Df0,4744
0x40d2b010AFEcEE64aD1721fE9e0AaF012783a2D8,5413
0xe1e7242a26bD5763e8F497c2fF9B8bFF2F9b7C98,4487
0x5F5234287868D8B6Aa2792cB32c554C2923b562b,4293
0xd3d501045eC7108897e683E2d6Be6560ea95C910,6515
0xfeE5BBE9E1F26710b2CBFa083A1ed08ED35F0E53,3514
0x7cc3AA827AF2878E7C3983b38095922619E649B5,1186
0xE0bC90e9c7058669235e875946A2f24bD981A727,6992
0x2861274ac9ceCD598F8BF9754ED332A3ff166f02,4477
0x7d4ff23fF08a8191ab3704cB8d9794739CC87cca,977
0x1118c6be5a1a2F56694a359848c75edf23d8BE9f,6898
0xA8F2EC0d4b25F84eb5B87A3dbFb1e7EFAcc574d0,3735
0x665e825A1dB8aA712fF92b39Daaf996c63060001,4544
0x713abc268035070B5aF41e7E3498C23399266A57,3544
0xA675790368B11637e77c1650e9B2eef986b89C71,1175
0xC3B9558c66F0B881AaE271Cd7a3901CE45858c79,6186
0xB959a23483fAE596a2fC7C552058cf704139A00b,1436
0x2e6FE145bf0f0b942642797DB1D08c318dc50c0B,5428
0xa29061130D501CEA35728F77A4926d387a8D5DdB,7107
0xc7AE583ddFC48D09e9F69bb6f1a4882a9576938b,6754
0x78D624d19A2BE746FC096af23965e893145d919E,1567
0xC64DE47E620Cf4a8034E1710240A22074C7b7bE2,2169
0xe58Dd275d2b15829B0f4c9E779867425f50eaEDe,6077
0x6e616d8A5A4bc9f9EF958556984190C637499B5c,7550
0xc5703b3DbDF030550A8b5ab58D0a9D74073bc576,6042
0x6e1dd7333ac9ECD46727A0EFb080dD363D77aE0D,961
0x6eD8997cE7e3B7A6b150Be57961275ac269fa8a1,5529
0x132AB05fA728D53Df01459Ed5A4fa7704e7DCdf7,5675
0x1ddD1A866F77b6A9C257210388f52cF0f913AAbf,7013
0x8C8f388E6E2Cf58AFf76a9AE9D2af6F8f07Ec184,4480
0x4d97631ce50099f918de448B542feCe72f047d9F,6474
0xe5BC4f2224951CC5DD4fb3579A41A86e767615dd,3686
0x8ECC77de7754643706c90AE3d4467def8eB89F60,3077
0x278918F6AadBAf56a12f97E9C3794cfF4d7d9447,1365
0x94A3a7e657234989A52aF70E040d5705A4c111c3,1218
0x4e229B9eD8ef50786069E8035cB81B23aF75e950,3316
0x9F76e6875206C2eb366854F9969e7d0a7B2B8F93,2571
0x51E7e51398D2507a197608163Db41e85141BD350,4500
0x20e1513dE09261186EAaE4886437EccAfa90B26A,3565
0x6B3588Ad1E1019e6c8c3A545e5B54c639f772859,4407
0x906b3D80d2918ae3323803563CdCF2D1c8719a0A,7113
0x6F86c7240C3D08a38e712f381C1649094Fc92B7d,6908
0xe2C619E02CdE282Be86b21D369E4c02DfE04ffB0,7385
0x92b8b2A51885f256a54c70BDD2A97B2B73586ba2,7442
0x6D0BB433DEF1B51775FC0CcC463BDbE74E79C8AC,6762
0x55549CC2911BA85866D196AFFc35F829b254a32E,7718
0x73e47b04bF130E6644C3C26811e50eA14CCc0267,6444
0x78A4AC930Bc34c55De71F39E2d799c8932Dc61f2,1104
0x2aCe605270fA7Ef44ee3B8893De7309CE9A7ae1b,6838
0x5D6563baa8a9474a52E4C75d4bFCc1a713540F60,3821
0x4852E25AA2B4e4e9703B528653510c398E104655,6382
0xc2Cea5c832adbA0f7209756A10b4F1a4D1d3138A,7313
0xC12F8E81becE6d7c283bcd3254387D948fe007A9,3767
0xBae5edD8A1656566a5610056Cb86f4799947F40F,5923
0x06F00830EDcBb68983AffDA11364D01833e71e83,5202
0x80B83f83442FAA264C0e94394C065fcd36a25f7d,1737
0x8c2a1cc9FA37637BAEa43C36A6608f697c0253F9,7468
0xA6D434d38646f47d9C0Ef6f67cD81D514aED981B,2474
0xd4f756bFaa1e2798D605f49566fE5533Fb68b8af,2719
0x574d8687D67d30C8515FEEd8b27A2E28CAD08093,5079
0x224a70B0F88A10d9B19A0309Ad6C248Ef6dA11eF,5400
0x6ac8325b9425263587BBa23C73b3093A6F3FF0ac,5254
0xCad1E1738278681bE321E3155c188f7E2ebc2Cb8,4695
0x19ECa84C9790644BfdAA753F60a88161f7553D03,5504
0xa98694B6aA4F42D77d7af024eEc8d4c44Db86d26,7682
0xfe05b74675483ACF68AF9460Ac135b8717687804,3273
0x706ECb287b40c4713F9FC572D05482f2636A822f,1981
0xF9DD189ED87CEB6C46F3d2094b51d5b350F73872,4519
0xeB6155f4D275c6dE518Ada96Af0BE29c05E3b940,1641
0x815C840338c70880A3c319b39a063954e434FABc,5163
0x2E406f140Ae72a5019B5C9670bc86376dDFE2374,5574
0x55b9A7EAD7Fe100cAC87715f1c4fc13d5C87c1a4,2434
0xB5559700cFec0C48a1067712e770DcAEcd5ba80c,1650
0xF074b137eA291395Bc26120694149251D6F16A49,7321
0x17c09A9CC17B18Dc7dB5377664430603a745d319,6594
0x9ccB5Faa013F5FB2689De9e465Bd46FaD8496722,1873
0x65adE7fAf0738652A0C135ccb0ff478a9fc22CF6,4149
0xeC305538Cd80bdA55D9D29404cB0864d5CFADcD2,6586
0x21E9FE72F9091278Ef21E982667de20bc7CBB05D,4820
0x680DE64AAD030e8eeDdD9DCAaAe258Ebab97B813,2145
0x82DC5dC89fB5CE28413f00DdbF561EA79Db9001c,1155
0x34fbaBA0c1BC2790939ad378665c15A1b3852098,2014
0xe04f0357f1DAC3515e5c21A5F56274cB2085e366,4890
0x686a9C63B7064848895c7a238607Aab191a4F726,5641
0xd1367fb2a1C15cfF691f9213216B645339039CBe,4119
0x7425cf23569FB07F3377a916b032E4AA630bf404,5401
0xA848A57abC1CC9b88b307e30fE14C086AdA6f0b4,1752
0xD775b0f0e3e6073Fa483C1f71330F17C497CdEC4,5842
0xD2689E1DB1fa00AD6A27dF3D57DE859ec75409E9,1044
0xd13042E8899A382FeCA0Bbb2e948995a23410d3c,1839
0xb1318A03960208FfbA07242Edc6a966424609b9f,2235
0x3715eC50222AcA396c2577A282d79e24559C5Ae3,2335
0x97ccDD0d9e6E7C3d7340EF72341C57463d8C0EE5,1479
0xC0aFb6FBCe857F6F5681dD338153615f98667fC2,7390
0x8679bA8B1634636BBe5B75bfA1c1Ed34CB035B3D,2533
0xE7BB4718f4D80D2a96cc57F77415D8466F411C4a,6599
0x452706cC25685412895733B972A9d665bf31E0eF,2195
0x0eDD8f0896612a838967c83076d4985c2Fc683eE,5471
0x6b89eB128C1242F0919013c91874344B8E583800,6094
0xB239aCcE1eA621458f154EBA83DAF6B0b13E9154,6270
0x57F3E66e3b559859a5Ed3eD273C02F7C6712c45B,5346
0xF21fbE3B20b3151A078778193339820a75240C04,6765
0x2fdc671243C9b96640bddeD0C1dFb0e2c81412D0,5105
0x1Efa083490AFfde3BB4839bcE7fD14ED449a2244,4835
0x64d4F31623Be18Cc02D3FB32fB7eC866D49c81B0,3980
0xff9A767374026c85FeC6c60CECe14e40C7895D83,2111
0x94e3B4a0C9F85B7fB8724f022D39e76091977EF0,3004
0xADa0f0eE8872acFB6aEc1501D94D0003533D1b38,5948
0x6Bb0D13282fF5Be060D7d6c0c9E3586767a13ade,2122
0xE30A3D2D639b7Cc186340CDeE236474B3BD3cbdE,5757
0xA848A199a1aa4ce189e97DEf4aae4263F75329aa,5544
0x85f3e1DFBBe4Ed3dC4F2555b5F7B73aE891D10E9,6974
0x38e32544a3dD8B72BC7A038D5E1763a6b634ACF6,1130
0x3da6362CEF1701C6292D81CDE05EFAe97F86a019,3649
0x69Da9F867BCa262277B376670604531f1cba7924,7626
0x811Eb5C9A23BD6f8437ce2b8045D9845b47E1909,2305
0xCB9561e3384B8e07823E0Aa8d18c8304311293b3,5074
0x827884CcE04810af3C9e6F21A5491e33c62A6Db2,6942
0xa6b98801919eb8e972FC51072F1b59c566c533d7,6820
0xA954F6Be4C3f93695e43C9E7c4CccBB702Cf4C1D,3972
0x5D57B59ebE35AC2E39CA89427d8cc5Dfa66aA6c0,2172
0x193c0ABFEAf1c90fD5AF98Be3899a94C72AaE2DB,6110
0xF8102A315f82E6928d1e02e9e36b7579230042CF,1770
0x12f0aeD074c6b89358BA8bD030417f492168a620,6140
0xc6AF53dfC286fF10fB5190C7e2B54F5664d75c81,3292
0x0AD7CD1A6D16e574d0416b3d6c59E4b9a3bf3731,7537
0x345fe7b7950a701f21aB1FAFa05A232F355d6da3,7193
0x180C3F0251E488125373A9f6c5688ebe0eCC1162,2296
0x6a868c1BFa9a0a2A059D0345EA519c5F9B43A6D7,2059
0xE8b5C0780762c411e76DBbdd23271D8107062551,5752
0x26cb5892Aa2B9e49Fd7012D64E1a79f30f77D673,7167
0x154d813a62707A579B855e398C55Fb6034d4dB1C,7475
0xB375E303dfbfa47AFD0962B4f277afBD275A3cAB,5640
0x89e6C2F98BA53aE7f27C50c0BF72693b1bFD4DDa,5750
0xacC665B853708438B2eE9383d0f22961C5f514B6,6658
0xfC81A71C01E1DaeCBA24Ea492f0f761ec111a1Ab,7684
0x2a90beE504f0F9d7243Caf8fE6D5f8AEFBe9F0d0,4808
0x7803D176a24b290F562738f5C28aA2F69E57A4a4,4822
0x59055019E6e013CccF52A3D72183Cd4b150224bc,4950
0x0C3752f842870a141331d16c9106f0Be4b15b8e8,5315
0xA312e839f0d564607576bF510e764A2703AB9513,4535
0xF69BA164A9d9B4382e4Fe75df5f36Cf42B188e07,3943
0xCAC7de403422FAD2303E2165A37f8b5477023FFF,3305
0xd5D53FC9fb04BC224DAB454CF33cC22cA6FDe35c,4041
0x262bD8C5708f90A9F79dB04552af3eA0ff46B5DC,2640
0x00537EEf65991E1B87c29f6150F894ce18Eaf8d4,1946
0xd5164C3233150428CDD9f6D5D39067662A67C5c1,3093
0xfE36eB91374A1F60373DF5F7D55ae876dA288Bee,2707
0x4a060e12DaE43DE93cD2B219Afd948dE355f3405,7500
0xfBCF6D2E4a3f7fAA90A37B65Cc339760b616D7e0,2941
0x896f873eEFd41432B4F917C0A5574537a891D632,2522
0x75e03E45c6E19634755C0d60bDeD90734c5Ea61e,5482
0xBFe9325727343567F09cB1e62EB1375a5230842c,6583
0xAe7a8d78d6E4B2C0858411B3647b8d369A9643b4,4809
0x4Fecffcd313a7598825574a18879f4deA085702d,1548
0x730D70c2c8f9412ae599F25e2fc711F078128baB,3717
0x7E6F8119F23aCc9C400993f6De3a946d9786295D,6226
0x8F3cf2775928F47309A97a7C9eD02DbFa7e0cC3A,894
0xeC8F8371DE9485A7A3f4F99daAF2556F47158c82,3216
0xdb1C229e5CB5EC237dE19E3836603d85126DC253,7437
0x7BB9795D3Ba4d5e902443D6092c69677D6b3407C,6796
0xBf839d4aF760d86386C94Dae64d62FA11E9050AF,5526
0x27D0e9d7ECA08a01242fFD94cbe05DFf4e48582C,5090
0xdcfdcB09fE907B9244fF4DBa594DA1A58b134537,5160
0xEE5BaEfE999B62B711B910E733AEC78657D06F96,5134
0x9A2b00f2F9f760B5DF664e3474487081C18dA04D,6690
0x120114CA4170cc1748971e53Ef12179fC9ba52f3,6460
0x330c929b117c7d94C4E6EE74e02C2825ff978D46,6933
0x0647cAffD4dAb7dF49B70Bc00d9C3F11c264bc87,5732
0xEa0aFc176678A36b5165bf4765Ab1d70aCD8aFe2,3186
0xd50E6ee242909671D893f5a38F5947C5D69c6D1f,6224
0x497184685629278879eA13D2c190881A2ABd5CEC,3994
0xBD6ac5175290B2f654EcE67364A3a1d7feD0e252,1919
0xC833E13ce6aBB1c97c745907aF13Bb6Ed8386667,5080
0x549AB9de122CAC335C89edf030f616df725dcA01,4763
0x40125efA7C4A15eBB90F5aCc91fb600dF5F3bBEb,5869
0x3C8BDB03a0302DE91Dc51fd934ACAbbbc5198833,5948
0x1E827242B235bB68Fe3eeC2Db144930c9360A546,7112
0x2cab043831F8669d4AA2Bc3b58d27781cabb3E92,1174
0xe25e0FAA807bD0cAA83d27832F99fF612f1D2009,2093
0xE2ada64D70dD858Ba70f6cD22fA6b4ACd1804bDd,6154
0x2B6c1EF6D85535B1005F2f3465d0102Bb53F7C0B,6118
0x0e4238D817bfA02dfA000b13EeCE339A0E54Ca5E,5947
0x3EE1260F9b16E41DE67002e2B5384EA518688404,4299
0x14E7Ce802060B264E0f68Bede229f01Ef6D71f8e,1750
0x3564f2fb064271De3cD38Bb045CF818e3633bC4a,4121
0xbFcEbb55219e5cAfafa4e1f68AeB5B0880C6b84f,1084
0x42dE3A4eC8DFacf04Af6Ad09acBFAf66150758C6,1377
0xFCabCEc4fc89FD3eD8238c57D840Ae82Efa51D90,1141
0x278B76EC6B92E22449Ff7857129F5c0F790044ef,4296
0xb6Aa787Cff6162FB76675C90E0d373E0DA9BBcA7,7241
0x05B29525881c2DD815a754E3080c76Ba0fCa18Af,1683
0x1DCAF2861084b72De28648ec9691AA580DaED631,2452
0xC303664D567b55B628F77dF57998787539B17ec1,5805
0x28AA6cdDe1b3DD65083dD1C2858b14fEC48eF3BF,1415
0x0A6EBdD7D43f17676CFAb8f00288E736Af9E94Cf,7649
0xEe3E8C179802DC6d33b6B2F031f6caEB24FA6841,4872
0x627BFe83d188428Bfe6E7940e81160A9f7fA8db0,1120
0xfc54C4f368d5674B20bb7b512d55976a00d7fAB4,6962
0xEeeC3cdDB63C8E15B524707A352c495214318748,4152
0x3aAEEd2fC895a4e3647A46e0D75d8C2194af4D21,947
0xe1Df7C91727E05681272AcC79504D0E611BF2225,1017
0x24DbF3B9c9338889B7A5E691A5fa7f3E0c6b7A71,5831
0x40fbBee2faD01D9789aA745EFe33cBA4a6724523,5632
0x8aC5bAba8988a7E43E08756858946Aa3e5CBF45e,2984
0xF9a87aDc50a00c9A374575Ebcb3b3B2424821c3E,7580
0x63e182F3F7B3f402EdBc6D98aa806873F5ac0a73,5482
0xFF79DA685C244c5d375a98218f14BB7212a82d5B,2496
0xD84Ce545F80519DF7F859A959C3f7B76ce4e4012,2436
0xf1B6CEcff21ebfeddc5aE8353380FF3937BA9A58,6454
0x4198F50c05f46569684281132ff82Aa6dBF8B4Fd,5398
0xB6cD175Cc19A5803C106FDA87fb158AE212F887C,5088
0x8Ab16E2bBCdA9Beba9AC13A7Bf68b7D6dcF0B565,7395
0xA7E1D3B2352F7828ad3E18f36aa788f5Fc774611,3134
0x2D705af328965bce249703D2BF60Ad1890cA3d3f,5546
0xDA71a10b671A66b49c2CB6D690d6B7a86125F0C8,2020
0x698effA9DeAd8E646fbc882174b5d4A30BdB9cCb,2717
0xdF08A9defF89902e7B041099ff3Ee69d10563fAA,1120
0xDA0DF1800bd1b5fa9f9DFb826cCEe15e50f2eb20,5552
0x54233424d1Ff21F837aeE4E128e62e222502119B,4816
0xd8787f93C47aD64f6A36797a5082385243923Dc5,5139
0x8ABF3628f4F017054F3dE086a0B151F0e81c0F0E,4611
0xB00033916302B49E2AdF245d9817CDB5B962B8c4,5535
0x733C82f145B3Ee88FAcbE8A288E6aA2e2653a23e,4226
0xFB547857E076D2cb745A4A98F5735eDEBEF24ccc,5340
0xDfa2812Bb3AcdB2d4def38a615356a92D52Ff325,7154
0x0CAE73A78E639C34f06203F55103da24FD8614Cb,3461
0xD813090f1645725C5F51A866a4cb34cA27cA8abe,7513
0xB3aBd9e76DaD58fA5e29Aa6875F898FcF1911C56,6835
0xE32d46ba554213a71b2Ee2e7E6F76E8540AA41C6,7460
0x8DE5cd5bD4ba42a96E883E9F9414A43305fDc343,7278
0x0e11Db05130A07323bBA9D89a660aE70e24949F7,7211
0x5405d93CcE9D5348a43114a580d453012e393E36,1053
0xD57EF47294e498D6aFABA540CE8A4CC292601f04,1241
0x176e03B5fB555382547C3Ad04eebe80C6fc84f29,895
0xD321b47b336fE79DD9ea5B20Af9634451e6C6cEE,3938
0x9E2C8518682c4D74C1c2F936a120a5C8E48d2CB2,4153
0x19016A1C8C3b8e3a072B66DDc11b4Ef6E606eDBe,7157
0x81c055E927FCD7407B94689f5aee0d3d610ccBA8,1241
0x052A609893cb674b5D32f024C7b5b69BB5391793,4169
0x2d0d0bE7A03dE3545913cd74F647c37fDE0655f0,4747
0x8698e26d38B7835CB256338d5ed7c521D9f197CA,7334
0xff9972e33d1FE1E4300EF5205BBE11A5477795bE,1214
0x220492444DF571A273DA56Ce8b0c688C2452347B,1748
0x8Ae13f9D078568556f0fe4931453517edcC5Ca46,1262
0x6f1c1Dd9299b41E5bFe2A3096D007e4BF91709d3,7114
0xCA3ed97012DE5b3195d3F6C82d99b532894360D2,4256
0x34A3f52843C6E6Cc579c97B906fc619F2fA7eb40,5289
0xb82f8534bC7D61e6D934a5F3FE74d64B5Ad1785A,4297
0xD8bE9e75e7aAEdc3E514027C4121B10d675da40a,2182
0x0af38e38482eA98557a72dd990B590ee14D540FF,7358
0x8Bc88f41f60Bd25Ac9Fb7A9eD75695e0FAbd44Ba,7387
0xadA4E5907D5b9bf2d5977A20b0f3a2c752080f34,3595
0xCF5B8D3fe032352DF9c39545C1116FAFc31dcF5C,3656
0x7Fa8bFEE99d2D9e6b2A2D81D55c749C653CB7693,4786
0x6274aD6cC68CC0e4dFEBcd790758C05966Bcc6D2,2978
0x41011dC5DA4c50074FF0BbCe68ee3545419513a7,960
0x889099C872d6D13E32d340221a15474c38E0F0a9,1086
0x6A963b467888Fe9209980aB82043d6d0cFeD7D4a,5231
0xa5589364bb81d559A998f38130f0AB064E804805,4678
0x0DfBDEDA054DAc4943DA1E40e1fe2c3b62b7Aa76,912
0xD18C52aA63f7cD3daC49A8d9AA029c31DF7f1C81,4158
0x674D5317240775fc216593e89F6343Bf66676Cfb,1816
0x5737C51a26DDf33Db150aF498Ed6d0c835026296,6944
0xE028B44812f9fefeD1afD69d7b9B674700D85548,7317
0x0B7d6D3A8a9048419bf68dD1fA33955598c12D36,1850
0xfef1599FB9e3ea2FFd01Ff8798A5F403C82c5444,2712
0x3941228E3e60c84200Cd8EB05f9e1A655f61E1dA,5566
0xb470e7809167DF277986B6aB24ebe554A35ae5f5,7642
0x8bf95432f77ebEDB37de259ADD6101D35D075535,2836
0x90cEe372F05bDFD074400d00c56e0Bde418FB1f3,4285
0x495A82BC8d3dd53E16Db2Ef6e33107e6943d676f,6864
0x5d9A49ec9fd28853767Ec6e026e9B260B311432c,3894
0x6b5571C30968DB253A18725bdd4d2a9Aaf362164,2407
0x8c9C8E40088DC38f6378dA5A60335eE9d94236ac,1548
0x37b8A2a969C2Dc760890763C6A55405E5cF52a02,5556
0x48722841bb1c47557f21540031De156fC1E99a3C,1571
0x61A935bCD9Fc787D6DcA0a2bC884361286C69b82,2380
0xC83Da4D29188C7523D630E7a83D8D25187192496,2746
0x2cC9bFCF265EA3C944E6558D267174DCd41C11dB,4047
0x5884BEbD4FB1e652dc6753Fd53245DB929095BE1,1961
0xB0E6C0f50cA87D210ec570e2810A29938c5e40f4,5383
0x35D85AEE88846f65a91Ba95717881dA87DD43166,2565
0x77a0855f6f25bAe29768E516f3Ac2423fBD14C5e,6399
0xdBF99F0e589b1314a2441AC4ded9eAA0143A2f9a,6673
0x12771C0F0B1909a64DCC4fF358d715d3cfD0326B,3007
0xBcef6c65F4a9302010B9399F20AffC44555CC944,7625
0x5B7871cCc831Df2B83874956f56B23cAcE51A053,4598
0x7487FaCD9a98d6C46153bbef492A455E1D683ecB,7604
0xA28fE1c4d00f82C99b1494B2185941aca613C126,878
0xb220dF34A0C897E9d3813bb40Bd9699408f9C182,2424
0xC13aB9B2E72a919395963982912309a4E95060F4,6519
0xA90e6A976FC7e0A0D8f82CFaA99Ab948a4C124ed,1860
0xFc3CbC3806E541637E69e00d96cDcC69624Cd09A,2100
0x83C3E09E42D73C3E174E558294FC5F69085d3ae6,2890
0x525f318b540862AbaB9d1E205Ff094Ce1c1fA85a,1376
0xC540c7bfA7093a31d91F1041c60998A2a26dB96C,5596
0x02A0a1f7fF05996496895881D7DEF7FB3C60755b,6017
0xa43f9F9B7326B9FE43f3b7d17c5c990d54D47f5f,2393
0xBF3E0E5A943c83353230806dc75c92F47e2276cF,6492
0xb8a62C0452b4294160f06887756f1F982D055430,5038
0xDaD94D1DeCEBee545f55c9BD2ce4bf42C7C1BA3C,2215
0xD23A8a946CAEaA97B5bd403D0FD2E93B22896be3,1942
0xa34aBe18b921096B29749ba4297D8AD5da7721c8,6205
0xA4cc664d454DdFc5648fdDbda087949df8119d2e,4430
0xbeB8b1f71da2754D76887e3B71c0762FF6A6e9eC,6029
0x211F1B04C216c44Ec3D945e2450B737E4FC11531,5716
0xda5C0D345EBee6066343da1628B5e88b923b8B5D,2254
0x5c7a1CeCc3bcF53006c75153f7262DDB7dd5FDD8,4529
0xbac81456c791d8bc689Cd8915E69D2D74D7Ff009,6019
0x03CF63E8c78DE3a7D82838387D6CED8518F6ba48,1261
0x89CD1c72DFD308b73705ba49030E507C9624D39f,7003
0x8b31ac5428508E39C53560e52165Ed659d74fe65,7673
0x793959f8697f5BBDB1ef20F7623b86f636cacA03,5083
0x71cB119b535177903Ec1D05Aa11420A5Ed964459,3799
0xe3644541B703b3c01B70cf2a6BDc9EAa475849c8,7634
0xdC78f44D5534949858AB4014288d97f4b3F97dbb,3567
0x40bCE6C70BcE9fd31Dc8f977C687f0c495593Bc2,5101
0xd15A330795c9f909b7Ecc6a85783F2Bde8C6dA29,3889
0xeB1f78D630448973d95b0218Ccf4695c9F34aA86,5181
0x52ca590b84D58c853613Bb914Cfa7b8D712cD98D,5199
0x5758E0C4751bE0ec385879D5102e4e5937E131fE,3747
0xA1B44514933aaD189eDf5240EA928b410685c8af,7524
0x622f77C88044753Ce2ddD6b25d448A66bE8B7D65,5183
0x55fCCbC93654387735d1c9d267A97E3220e16caF,4491
0xaF0354557eAfD2d4269ca804B274B20f239fad95,6361
0x1DBC3903B0fd08A2bfF3e0Eb0b7903361c673548,1187
0xcB761C592F50A1162Ba2c3Dc17b81f92410c5211,6078
0xf0f34ff7DE6075CA23410a5bc320190e1e5E3Bc8,5105
0x3F15B40B49f3B760B616958C91F9af832F83da91,5720
0x2EA6b3d32CaCEbe4B2F8B923E3CDE0F6B739444b,1844
0xCdB0EeE39c63963787A5535ee2E3E624251F5c93,6460
0xa390A4fa9C89c58C805Ee2AF185ef111Eb83896E,7136
0x4d0715b7A9B80CBbF014F56E7eB6Ba5B4e27CE76,1749
0xCAB3523fe2E0c4322b543Af027DBDb2bCE165683,4731
0x38726df2Caa79E5472fB6Cbf9d2c8f542dEF3D7C,2635
0x1D49dB26DE439d1E4A980cb5aAE59bD5b9D2AB2B,5041
0xB89226D4797B64B095B74ce973E31655C7abbf89,1625
0x8bd3aAEE0b49bf0308E6a38a68e45e0887648538,5093
0x522EBf8531C73ce4D838c93D96aA2834a42F0333,3275
0x2119DDb4Af8961C3AF00c06660e9b9328707E24c,933
0xD8F8CEbB83c88D575A7DF5A881DE7f376746C343,2036
0x1A5bf702Ee0f60eA1dB8A5D41005e8ed7E3aC451,884
0x3Fd61381Be2197C6d7367ebC6D7B821fB759aEF1,4913
0x50b70851138B54930bf9AA94320339e57df21C79,3880
0x98B9f2fbe891efc74A88d58D32a4dD6F1e20042b,2336
0xfafc882449206DA3CE9Bc0735c48a1A32d957B15,2576
0xD3A8D91a118f6eEd0276291F6A951dcB44136d99,3810
0x910DCDf8093249eCaADF6Fef311C278e3a559663,5630
0xED29c75b09FA34f616Ec45D85c95a285EdA5496d,1741
0x239D62197AD0D0588404f67d09CaA92c4C707D89,6878
0x0AB5447Ef942B5F482b726FeC0DB060930d17735,1397
0xab68552eB522482e09Df98F29B6C18500b02e46f,5692
0x9fF06Ac2BAc3aBe9181C448DFFf716390CaB2A4E,5873
0x07A017A32BcF3D40544B32ED4817aEB1AEF4bda8,6095
0xD09344E136BDBdD6a6998f43D4cB2f358ED5F630,4712
0x2A375C59E75D81DCcBc90B0D675864cBf485Fb9C,4979
0xB831A59F6B435b8E4547d1D1fD87458C3E665Ce1,2899
0x121C320b0d7Ebcfb63c3cBBa4B14228afcFa6090,5532
0x5AC4dF2b5BBd7D9dee5038DA289A3B11529EE6da,5364
0x5903e51a43c29aA9b03217c7CF307e9C624b37d8,2339
0x5c8E2d6D222914970eC0A68CD2f566E45574027b,3398
0xe56771BB5Ca8EA8F0F44959fDE6201d3d55aBBa1,5127
0x083f9Ec1ba4c02B137D9dbb182B360AEbf30308f,3612
0xcDc57629bea4da62E45D02edfF3F017E8CbB50d9,7700
0x386f14dF075B1020FcE93E6d619620276BA2Ce13,7510
0xf19E7303C049bb8E22b1a0DA6aD0294d4404DBDf,4783
0xBF5d416Fa72Df9D8A5b5A45c9310069b28770cCF,1844
0xea72538Cc89E7882A36882416D5FC850b1740F0e,6945
0xaa315D43449D493a4692ac95D8D790Cf4698cE4B,4191
0x426ec8625351e405fCbb418799D989C8A6dFF69a,5331
0xa3561b4E9eA122C802057cF71FAC3c6Bfa6e6E8F,7700
0x574a0f251D23F8EAE340E827e956C90dA13A9708,3760
0x9AE377FEAd3A5f8813Ea95ae61a78b8BfeAE644B,5168
0x52863DFc581dA987B2cCCd32E09992cdecEaE0b4,7700
0xEea590f5fDB2Cc3D6D898b6C1CD4267664c17736,4085
0x6d947A50c3c7192EfD60cBA086fB7D4b9F39A383,864
0x2a0BD93ebd2D252F5Ca9206c75622b19602494dE,7354
0xD154bdc3e79d0552AA201dC5cC53c42511E4Fa9c,3152
0x114943358fd3A5cC428fe7481C261d737A957414,974
0xaC6489FcF9da9Ee75fCD2B993c777A6966D15cB3,3169
0xCfd61d8A118027a36cf615A8369Da9e5b9AA143C,1919
0x868862577199667D30FBe792F089c0B5A4c93bA8,2543
0x86eBa595FbBd85c687251563f61bd00160b21eFb,971
0xfcc54C8bC7b60B296806e5F298F23D2a0e22Cd0E,6717
0xd0C00F47586f847d4A550f8D42e7364A15E489B6,1021
0xCf3EBA443f9645382bAf8e82e942813aE133Ad54,7663
0xa2Fc835255f1CAaf576eC9B1A2FFDEd4dC0cf040,6933
0xb60cA00861f3EC30798a8C495B4524a9A5418820,4271
0x1341631C06d85498E360E84c5dA0D14A7F1272b5,6882
0x3c75a8aBC8264aB3ae55Ecf2371EcECf45754e02,4846
0x9e8E8A0EAA839a076e1Bd2aBcF7Ec827BDeA65EF,3046
0xD82b7bE9378007f557F6AfF286e7B1E5FFFfB770,1234
0xF5111CAaf0b8C754Cf54e7941d63153F8DE2b743,7132
0x1A6FbD68324C81151a1E8DAd1AcC7e2947d3b525,6832
0x45cD7B1b79B2F70f7A3cc14977838Da68f46ff93,3836
0x40aBf48B889483630876c9AbA758343e7fc9b6B2,1357
0xD954418E10F5C0336eC00f2cB33cA4724e108a87,1971
0x263F14B3fb4670E4852c341b30357A01018d7071,7007
0x628aaF6fA1380fDE475F4049741363cCBC25ede1,6574
0xd1c23f46b25E21E557a88B0198E87f016E65FaCD,3093
0x5B52342ecF3e40f36C1E45544c019FB1653a6fcE,1985
0x6E0aDc4E0AB723FEC98CDcaEE2A6fad24279d011,1719
0x04B50FB035983A17D5BB5Fd2FC8097716938490f,2279
0xd4129E0d167a846bCd5ED4d6F1E204dc6a2Ed4fd,2842
0x819AEb0F3e1BbA00d518789c914C8ac18aa77483,3086
0x011a3c4169547A7e558b699700871A92C38D58a9,1558
0x3Ea4365233d5C6F346837107503CD3754A44729F,5273
0xD3E0b4524f45c87626A93fCED29cA72102CCFd09,7224
0x4C9759B6b3828f6631F2D9a3d491eF66DF28e1aE,2440
0x4F832AAfa8ddc195252392f41fb7154e4B80E864,4444
0x9C657faaA336e59d0d051eB3c11073416F8565d3,6817
0xd1345e19CCC6c56E89e1349178aa3e1bf5e5d6f9,2080
0xD860CC65A7f11a302e2B5f4A4492d6962Ae3B239,6315
0x0Fc4Fdba7473Dfb7a39AB458C13632832f973323,7205
0x68a749fB43db7f760134C7Aad6E687A2b0b8e0DF,7464
0x1Bf807FFA838534A45Ab6a1a4be5B59B56A794a1,1398
0x9f6BF6eeA82248b5649AE99FB160EF8A1737feB6,1277
0x2DB19B174D84a184686CE2a9fa5d5D9b5913eE79,4257
0x27ECc4fABBa6fc6190d2370f36a9E72bE6775C44,5204
0x23Bc576D933DaF01b2653EfC0F0123Ced224695e,4046
0x63B4652513CFC0D728146cF748ABfF3AB3E9fFd6,4613
0x7E4f097B9fa696d026e360544BDe71b5b2a5a91C,1157
0x43C01C2BbaB2b169a6Ae502F226E1ea371a0FD70,5452
0x91265CF0037659cE7287bff4Ed3eB6ad476Df3AB,4978
0x05D586a9531AFa8D06d12b69b8a544f0093cD256,5874
0x6F984d4dD62693125Fa2bb6Ffeb978333713d3ea,7183
0xB26a9BcBA71AC33D5aC52C98bAE1D0B7Ada50c20,1018
0x5c0c947A84B1E2DB2e5617B8C0FE3c45823A3ca3,7300
0x411f430d7b2A542396435753581F183f66ee54ED,7731
0x28f05E2268Ca17FA08eb3168E3c4E2171Cd0735A,6357
0xcF78009f03B1E0B2BEE9286610c4e86fbC1a0985,1590
0x01F6ef602B14122b677Fe5F0BB97d3bd8406D8CA,5749
0x0Fa88717c2e7f1808288D7db2AC9BC02fcc6b0AC,7024
0x27700c95EbbB0c3168c2e4E75Fd9874F310bfa6D,7076
0x7a8523e03C962010C2aB9C4Da600B50AF132767A,7387
0x279a795fdA31800aB0D86ee19f93E13580d57BC6,2261
0x6F3C616a34946f8BB8D2850617a69BD08c3aeC3a,2247
0x86b5f5b662572D4de7c51b3b8158CEE2683b0c24,6980
0x2D3276C3132334E5f4A8dA2da0473D0cFFe041Bf,2756
0xa5A9B694Ad9249a33Dbf486CF7C483C2199883BB,5235
0xd15ea5209d30203A46e611d50820370D36F12C0B,6557
0x45FE17C878edee6aD5f2e71EeF3246F65fA9fDD4,7435
0xc46BB5afDE26c1e2c66C8D697833B69Bb6c234A1,4891
0x625a1A8a13792f20091BD7E5E4be5D6542d0A2eC,6587
0xE03b0Fc0E7b4d4B7C4BDBB271888FCEd6E8791fa,6246
0x970D0077e5E756Fc035848DBFfF5649CA2f979E5,2327
0x51123634f5807Ef632723dac6dA58461372CaAf8,3364
0xE9b57cb2fbae8cdA223DFe781B257929Fb8C4E95,2042
0x0c386221a69B65E15aF80C609b84926B264E3Fe7,2060
0x534376325DF07802F8360C4bb64E1bE66e670d8C,2723
0x7ba92912db1Ca13005CC91a7C86A1d5a7FDB3234,1836
0x9A5A4a0Cb4a4D614b17136aFd77462A16C863fe2,2498
0x5F286D93aDF30aa0ac801059006995947776Ae7c,2312
0xD23b430555EF4eBE3760e003be71dC011cba75E7,1700
0x2D69fe34f147d07C51028D71dD586546A70Ad30B,6987
0xc24831BFBa8cE959af3cC06Ee494879016688946,4844
0x3eE6402B242c7b04c5344669fC4B75c78CECE3D9,2232
0x2B985ddFFB272bf77653Ae0a24b676C7Bb79bef4,6976
0x93A3B67770f17CFAdA42899AbF490711F55A824a,7685
0xc9DB20215C286980447AdcA8500e1841499fd9Fb,6524
0xB38488D87D04944Ab9ee3B7D2F689FB8ECd9092f,4550
0x763429FC4124dcabab58AC8a7a264A5FdfAC4f71,1233
0x7704B786eA2495Fb28DfE8b95061d371269305eC,3951
0xED3581Cd8Fa5FC207b037FdD568B4d939A3aFF91,6173
0x35ac0639824e5CC5404BD9767b58296BcF8e6D17,6883
0xD224fb19057564Ffb40BD71C542e579a08336912,1385
0x236CBeEbdF93Ee42D97Be54059A55B84Bf485eAE,3287
0xEef3eEd63c251e9b4d9Bf954d4dCD68CDE67646A,5648
0xfE2033E30943Fb39A60B2222CDb1b81F48606620,1041
0x346a16Eb5F572319D5677b30AF44bEb0ab35356D,7406
0x186Ea30f804b646b1e0B349ed954Dff54341339e,966
0x50B35F1802466DD671a1D6F3B96D0271Cf818aa6,6204
0x1B3D31dD7C5f3960087501C629d9c129C4Ca6E06,2704
0x309D1BD674a748Cc0441a487E8EfABdA83b6571d,2618
0xf3b5B095E147D07Cc369D96DDa0195758732aE7c,6877
0xf344f8746f021E7eAc2D1aDaBbc4362124999173,3323
0x029113fa9A0e1EE2e7598Cd968AB7E9A1D527Adc,3227
0xBA39dF8AaA751283531CfA4371618325Fb0811B3,4408
0xCdF384D66445571eFB14A2428890D85C1c8c6A81,1733
0xC94E5dbF094957322Bb981a6401A3BbA043cb348,1550
0x8BA6e61aBe1d1CC32447Be3e4846829349b32aB5,3862
0xeb30ab6E06cD2eFE073d4069F8738B4A5a24eff4,2141
0xDB4cCdE0ACb2630F0F0974feE6D14858CE5e81Cd,3027
0x2F07598049051bb85b4A3aaa22A900169648F122,4731
0x7FcFC20CCEFD3EB77e48BD84f5Eb71FaCC423Db0,5002
0x24E82924aef0eEbe5A21c6A1a94477CF3F0da603,2069
0xb9f3144a8Aea0C6073092cdE394F5240e419DF5B,1103
0xE55e2Dd986f9FF4026BDd20cf0ba8398D91e76b1,7094
0xBEb0cABC94e184eb6F59446B8605444cee13ce03,3768
0x59B191b51799eA1a50F91E94d64Eac875211CF28,7623
0xBe0BDd8c8C96437BDc7125c32C0209C4F3f5915A,4090
0x288f5f6d62CA8bB156eaA5483B12e58668621730,3085
0x9A529Df059bd1788c6a309a3f9ABE051E7025b31,1212
0x825caa7531861154422CA255217CA16D0B371A6f,3173
0x3353Bc1534535efA16C14c70BbEacf9557e84F04,5060
0xbaE427357a1165532d99E13C6Bb6716834533DbA,2304
0x115618593103E2bF3E5965c407b3aaB0292AD288,5575
0x4048355b5eB7c51e5Cf1D874cd84a2826A2ab0D9,1157
0xaF26ed434e5fF84Ebb4e5Cc1Fb31FC2Dc4751924,3147
0xc6B2c661f37fCbEB0fFBD26539B59a19968fF5a8,1763
0xBc1462AB42452e23312d9d24a8d0A8078aEdE794,2074
0x32F208A0a3C54a59b891a71799F90b4375a4b88E,6628
0x17808F563aA7615d5bCF9EEA32A56971bA8dd322,5730
0x5940138A4266BfF1D0129B210ad9e3EeF5474697,876
0x4cfeF3e8739931dfA25074A620Cc3E0fc00AccC3,4367
0xB4f70f5Bbed74EF91d49f79309e63eAe33FC2eC2,1361
0xB5b95E41F3784FD6aA0dE2a2A9134DD8d92BCE82,6280
0xC56110A0b7ad30B30Cc0dE8D3D6E825e665e46E3,1347
0x6815cAa1F519aD68d0F7905Cb9BA0A8386ED862A,2765
0x495E221557855b07E5056C306b7843A4c2DcB9df,5489
0x02131c99696276bb88044F5dC65C7de7Ea7bb995,1191
0xDbFB7544C5759d752Bac6B7E8d503F9603429518,5107
0x95b9BdC6F450885Bf9cad413Fec2322996C05F3e,5517
0xaF7bf6Ca4d560006a7135C4cD5042cD3D2eBc512,6910
0x71f7dc01B5577881A17527EB0e5FF802c7518287,2865
0x91bF4541Fdd1A7aDaabFA85CBdE407CAE3ae4521,5586
0x9f5953fD84B64667B342dFA3AEaBA63542D9a271,2163
0xA239438938823e69C49Ee1f765511780F2d1f597,7197
0x6Dc1a152B7f8233BAD4Ce61b5805d5D1f078f8D5,7441
0x0D766Af7f154C9a2F32011255c77E1c3143b9d79,3108
0xf975cf9F2dD58EFe950B973B75c7f5fB8F463fE3,3015
0x175dAE8E776Af7D5475d607B8b5D8EF5E07C8C98,4902
0x64D72A19734874d9CcF13a33A990E8B90594B732,3306
0xf8D1271Cee84FEe34D3f134351D540534f3f5d31,4000
0x73460910dB9403FD4d05777024EFF1AeE9AE00c1,4695
0xAFbAe68Bcc3F842dA5C29410F56E839E8F4b9b31,5651
0xd9c3Cd3CFC60B57BaafC7433FbC3d7BA7F1Dc4F9,5234
0xd548bDc23DCe8a4C2cB9ffCD30C259367aEd632B,6741
0x074A981C04E7f71738Af7338c256a01c1BD6453A,913
0xCEB9c40b3daB620725dFf25257c4147fA5041118,5192
0xFfFa199c794a75130D71817f4C5F27E391598603,5477
0x248970ca9AF4442AF58B549b1b70B1fD606F2487,2624
0x3D95D9739e89869EA96E671e8c3db827B5E62856,6936
0x51F0c91d3134Aabc22aE5719D27df20add6A6C0c,3488
0x8C88a91c203262E12F55d2E06F92469e718b1163,4938
0x40DAaCaCD304F6a0013b9e39d6A8BC5667e30eA3,2835
0xd813072621161bF5389465Ab57Ed3C0bfb0CE04C,4385
0x8Cc2a80B48829e32C7793c6C9f40f85011CE1C6f,2156
0x38FEEE682dC3a7E3e3785aab0884F8Ef195c7DD1,4286
0x7A5f91c1E103f785679978861ee37C762Fcd0D49,6750
0x126666086268Bce3b1e3Db8162C0aFE510b5c657,4061
0xe3E52d7570e021E9Fa8a7bB5A6089f1dFC83b008,3083
0xD69E3B8FC870a465aD103fb92197Ad33D9e463d0,6760
0xEbeAa0Ef231edcA358be42a90939BC3Ca6C6cf58,6107
0x76dE826E4131fcb7aC825077D67dC34826236E69,2238
0x3D907A991718634657e2df7C867d73C06C739D60,3980
0x9Eb89F1B96d0B00c3d5Fa9eb1B895B8af04DF08C,6148
0xa2C5eCDD5885D0Fb5d324E1a25f8EF36fd87cC45,2561
0x6dF04098C457281A1ef368FfC42b0e2584F7c72c,7129
0x9A9228e05eDDB880d598A27EAEC58628aB3F5428,1491
0xDf375A62a3559D122aC1595e7651620719Df3c6D,5154
0xe24D5e650d05a4A59704F9029617D5c35901F587,2192
0x41eDED1395a226C6c68A3435387603E8E5Db400C,5286
0x6967EB44204828dE72927BA87744e9388d39b4eb,3122
0x9A686AFE404A53662D2AEEdcB8B334db0d7196e9,4322
0x61F5E6cE74481e67a495Dc403d62e00937398b53,964
0xaaFE54323BCBaE888c3aaEb7FCeDd2618D3e5860,2002
0x7054F185C3a75784cc9496e6C8391aa5569DBCB7,7654
0x9e77dcca375660EF6D8A01e77765ac89cf996509,5100
0x8dC069237777d36Ce75FBC4d92F43A1F2b422C92,1191
0x389cC7b0A2E7daEBEF2d362Df858a84D8A98cFCe,5566
0x6264d68772E5020d12A5b56Be88E59de600b9314,4636
0x6F69BAaE8d51914856Ee8eEE87908caCAdE408bb,3510
0x9619b5FC1Ac6c11820E913A7A4E839283f0636f5,3811
0x12C8e65206C29ea36e3316f06920e49dDDFBB9f7,5318
0x0aE02Acd636662b70736626De4eC39A0724A2412,3655
0x4052f2DEaDb71A20e673521277f6dA1E4731217f,4355
0x4e7c3b0bBc7e55889632e7A026B3b351C5F193Fb,3129
0x875783846148952dabc0Ff71C1C31bf5d1006D00,1053
0x4D090Aef64c2723F5070a322EC638482B5264f39,2028
0x7347c458F9927e1B7C0b3f7Ff4D5e41E7cD4Fc97,7177
0x07cBdc441EbedF3eEE08dda49f3DF516A27B959C,7592
0xB752Fa6f0d7A0104044581D9a209a93e85dC05b4,3913
0xAe625B0B8f46aff195D05b77Dc8a5855F8f3A5CC,3266
0x542AecC71CC76E1C1c8751B4B392C2207696fe34,3917
0x173795032520E6b561A1E938BDB68B815c58ED65,4757
0x97d3f1e7875ae01f6171b629b2949A8F9052837f,6746
0x2b2c5e946cE16C2b38f86F0C8797E9872A9193c8,3391
0xad2f65c01Db71Ef53F73508063c7B6a631355e09,4509
0x934863Db10561E4ffe86062Db05b59a4FcB7380a,2408
0xCB687eee9532a54b9EE04670bc4cdA83F97Cd391,988
0xFC52A7452B7dFDFc7008fB45c1cEa3dc797Cb455,4203
0x2fa0297BC343d1Dd1048d0E80Ca3703e959d6bF1,6280
0xA7D435CF105264943F77E9B7C3A51Fef8391789F,2318
0x9e09F6e0b5525E88B42f04428cc0296F9C927226,1756
0xa047Ed954EF9b4B690845A387e10b2ED07B6c6BD,2565
0x85dC41A43254064f59aA2Ee016E32b40AbE0AFD7,6849
0x52e464f9d13A84f5a98535163b3B721e531bcf09,2585
0x4E22d53aCFf1507b96154b8D671ab4206C124D84,1153
0x68f99cbBFFb572A86c7A44A637Ab56AD7AC67E96,3254
0x524AE63E5EA9b4F36921AEce1AbB05De72EC299B,6927
0x1E1d8921BFBB321e2D56c56C1cBC4c87325901a8,5882
0x3a78CEbeaE22B11960a7142d1555df2dce9B961d,5880
0xd7B79f78e5b4b71998c08D537f2AfE544CB939Fb,4412
0x33Ee4aAd55B779063167e25A8caebabd12771FEB,5721
0x5A3Efb615188AA2cB9EECa68cc08C9CE82598AC9,1943
0x518b0bBdDdFb948D8301dB30361552774569b399,1931
0x766E3b17012eeEbe776A33c156F6040446D2AA04,6357
0x059244c144D2Ed2052374D7486DC4289D1448547,4258
0x4C6F19cfaC7E47DEbCAe3e85C55226E07aA6093d,4704
0x4E0e733Ff0397aa5c9FB5e10ac59b72D104b1148,5855
0x8ed37AaC86c8ec027bc10E90E068669Ba49353Eb,1304
0xAf9670F006e44eABf137F0F91d4E2e5F43391FFd,2404
0x3063eE40eA12356922C969d702860d6D232b38f1,4716
0x4A8148F597AA6DCbF100A56b7b5955494441F551,2148
0xa30BF3D5Abc0869f8D355C48C32a137A52b94349,7649
0x5D48388121c274FB0c85e666A13773DC1eA9dC97,4690
0x0c49860D9E9a4C8A593Cb5B70Abb7E6D00c2C138,1236
0x5D87135bdEBc8DEf2ac33C1E55d0200C1983C0bd,5117
0x9f2F91241B8C0C25c8D3Cf36546963294fBb0b9D,4364
0xDF1DA57aA7239C9675e26644aFB23A3BF225B9AD,7314
0x05C98A334a7542F0E580A50d8BA90F151B9c343d,1250
0xcAA746D2877DaEA9835E639D8DC10446639639b5,4037
0x2ccC5e1108e1944363372FEA1AB824d3a3e70FF7,7617
0xE5B69707E7F3E76CF472B2603758055b8A816004,4567
0x630a6815cC920907D0CbC336228F2DB46Fa94ec2,2236
0xEd83c576aC2D04780C4547A8F42d81423aa41Edf,3855
0x93CF5611c51A86916E8c5A43f79fFDb7fE08fDAa,2378
0x729D258F5d42e1ad74b59159c42D9EdE57C473b2,5556
0x3931D096845D4ca42ADDCCad4022098FAcE8654A,7378
0x34f25Ba60D644548b60dE72624Ec0B186404Eb74,1710
0x59706265d3e892FE375DdF16605c4Ee601467Ce6,3121
0x09C4fCFae6c48E234256ED792eC22250EBA050ce,2810
0xa4049301c2a1D697952e641E029aE9B2359F9C93,3548
0x5Fd901aD919F25CBC686414e37E333B7bAb1b17F,3917
0x82919AF6fb6419062346A48cB68f524C372c8ccd,5434
0x125FB00Fed9D6e7Fe306e40E1A2B99C56F8848c5,1497
0x5609360E5E86C5F768c83E2962F07b7E712a5668,2194
0x6FE22f0D1e5Ff9c41922ac80DC019a348e768fbc,3131
0xC25210cf71448689C1664bCCbe9C6BfbEfD33D39,6716
0xce2A6aAEA488E0059A6DCE7463882D8130F900f7,5144
0x088F3Eeb1f8E872AF2dfd1A82D68B5B5c841D10B,2610
0x438CC94Dd12Ac204F335C9375028454D0B7E496f,1897
0x58447CB88f159887B2201F9b0BfF571EF94c0412,5570
0x303144BebdEA83cfbe17aBDE27b7a96C0BB2dE3e,5086
0x8B6AB7839E44Abe908E33A7542FcCA0044C400A4,4288
0x4E6621443B13D06a72668f0850A060E366A2250c,2086
0x3dBca597d0D6a7e24610a6Cb1324C3C62319665C,4893
0x7C790129056f8dA8411158DD15cF93761E77bfE9,6790
0x78DC28a73B512CD60316c095224B9e705D827135,1931
0x226A2D5A765a034826464a9Ac99C54108AbcF28e,2607
0x6022dDAC2EC5623f55Ac6e6e72F22039943F4276,2126
0x01141d52D6AD68F5607b461DD7bccD34D69C67D1,2344
0xBAF4A9A8Bf73cFbeFB81c11f58a6cD100D5Ae7cD,4675
0xF7A54EdA68BF2688F6D7c2B2F454A2c034fFF78C,1882
0xF22bFC0c2E4E3463adc12E55A9CDc81cCB335d90,6519
0xaF2F3354a0A9686E46b2165863e5AC58634CCAe6,5780
0x3CfE6dd501d8bc08c68E085bA9470daC2Dc08fbB,3599
0xd5E4412828212CaC93Da2cE459C1c75cf6F8De45,4538
0x7498A871F97c97842010bef993E50a2F5C741b3f,4843
0x4eA1153Ad060AF09Ad364e91ad549006c596ac21,5509
0x91E5F12B3bEcF581b99Dc03453b080fC354059c5,6711
0x5531236811a81a4D809Be4185409270EfE32EA6b,6519
0xCa08D252715ad26f1C5a9C28b944533DdD44c375,1672
0xA97Cd5bF59829388BE4A18Dd95D4426057d60eF3,5706
0x5B90A104819Ec934a9eeF116eE36f555076f2aAE,2498
0xc5BB27d64aF139520A53AD57BD4B0c56A8AF7842,7570
0x1aa00b0b835a1FE68C5165e07624Eb9E7Cb26a8a,1686
0xd93cfeaC05A3f0F4B70714DfE4F7230690391c80,6896
0x8046556313D3DB9DC8a9a54E0bE38FD1C26De1Be,4793
0x7470F6C33152d436957187aFcEA6C999FA2E7d05,1433
0x1732655F3e8691fF791A07b66058387CA0B70798,6976
0x1Bf02c1d8B0a979285Bc76ef1A350302Dd967Eb2,6260
0xda160d9fa4e117a0A44d2831bCB9892C1258c64F,3990
0x210c2536263FbB3892A39877701F0703e13b7bE7,6855
0x12d9FCD7a702fD68edf4d7a4df993270ea3403a1,6297
0x2fF997B1EE14C4EcdCB2116ABA3f6eC06cFfcCcE,2227
0xBbC311F096684945ad07dc80c9016206F70eDf60,2132
0x5CDdc365D1A7043C84f52b59809CA4399d42e57F,5965
0x1410c542e907d61822a130dC25C02c373d19B9A9,4512
0x4C0f71779B6AE8d51FaF70B032bA419f1Bc0bBdF,1402
0xC74d069F266ee4467f5A7d1cDeB4CbCfc3055b7D,3568
0xAd25a4f9aeCB45EFff89763ffB5543571A2E23BE,1003
0x4B38e35e485134e1f1305d985300bbf3d9b99811,7260
0x2a3Cbea84Ff9d910E9621723CDE1C140609c8089,1742
0x2158DA1baA1e46C3b70ED99B0E1734C581865bA2,4572
0x58A773F94af5723e1c75bFb60D9d1e135a61A710,4114
0x825D3F028D1C34844d67372Ff72543f91612dB3D,3277
0x6921B8FC14D1e8d9478A0AFA0104E7dD5453A8E9,5041
0x2b7abE435290aB211110322D507C1666eE5E20B0,4537
0x808fD9052913CA2f80139c27345B0f30bd159681,1258
0xec46a2aAc1102CC12a1C8d886382C6A5Ed90826e,6896
0x5FB3A6F0279B8DfaC9D7E6DD065C15D95e010fd7,6869
0xb0DC08f03DE780b447FB46b1DFd628aD7133CE2D,7091
0xc0CEaa4D77A43c16B6Ba4eBc5eCf2fC6fC0E2299,6091
0x50a82B704749365144896d730EE6eC4b0C3f2FF4,2081
0x5568361b65534608e41B716f4e3aC56793B2f893,4306
0xc736D1F751db805cd48FE9889beDCF614f188c3F,5116
0xb2ab8e28E971C17E080F41d0F9d6a2921E07330A,3501
0xf4e8906F337f6283EbC043557fEa68aB76E935c3,5794
0xFa67B0aAB14f1F93ed713FF46093CAf50D0124A3,4535
0x8AE19B90AD8fe193BCa65F57fc731c497A2958e8,4808
0xE94FC43d7FFE6D785FFa90fE84A56066EC815F9b,4154
0xe1FD0A01f1C59997C39a5d99DBd9D7E95D2C79B1,4514
0x558c01274BCf1AfaDc29a95cc0dE13E19778B897,4658
0x346e4b9809FBD465EEdB51E72F22DF0B29EB0eC8,1427
0x429EB358a10449EFDcE65D70c1571023aC3fF1E9,1303
0xAC586BCACD15Fed453641ED968a9c1446f638e20,7369
0xA7AD9a1301898B13f75d247633B6ac43cCBc981E,2109
0x4E03D87C8de1e373E940B837b448CbEaD2685259,5849
0x9f7a38aA579b5a2E59bc23f26072Fa02B0ba0D75,4731
0x2df8E2d413A160aa7C55f6AC53fB22Df53c0a1e1,3007
0x83a4b76Bc5164072Ddf8a812CbbCdBaDfaf6BCE7,2825
0xffC3Bc31b28fA90f992625507F75b6E9E2DE466b,3448
0xC8e1E380a3410Cd397B79d9f0ea1d24aF4C7f75e,6573
0x27F4E701295A1FdEb6756C19f11c8816b6AA5Dab,6544
0xb6b7570f221E021192bd2fcD51dc26FA18FA9033,4461
0x38561656467Fbc4CEd9d8251BC30230727ee26ca,1584
0x57a944C31EA3e7765EA0C9Bf9a1fbC4B160304dE,1355
0xA23109267d661799417C7d4314121A6F5fB68244,3912
0xFa27813a389B1be776650ae0bAc7c80A2F3Eb09B,4737
0x5DD821a6c400807984D60edbDCC8A047106aaE59,3821
0x6C56bF80aA39e6172fB99C63C9aabfAE03F40eE1,3344
0x2AEac8396637DCfC80f2Ff1bA304c1a16A239890,5930
0xAD611c8644357A59E0f617a90511FA44529eb169,6715
0xD3db752e2FA140DfcF84B6eA15bC29118AEA8968,6460
0xaD222ABa592d9934f0bE1fAc75E1233625E193F8,2934
0xB9D6640C5798a5915b41b21CCb1c8C25047e6c82,1001
0xDB99eEfD12F2F31b770c85E07A0225a07956c8AE,3378
0xD601aE12Af1ab4B6c78A2F86AB3536F7c136F033,6828
0x1E346A0Fe1364F54332f94d3126001A3A79343E5,1786
0x857109E698C00984D9F42177E5791b4d5EAd2e36,5634
0xccB0a14245f59b9fB9D876859EA22bad7d4D413d,4161
0x057dD8484d3524C88640eDc98793EeB069Ab9346,3495
0x780F8D23E1056B07ae5a86551b35cdde8839d3FA,1951
0x6fE452264EDbAcdC42eBe9Bd86B47888E6E079e1,6939
0x9f503b282D7526BFf9bACe73D0A702b15bF61676,4228
0x89AfAB27062807cE43F0fdb486C7e05e0ef7d098,5904
0xB0afC622Ad73965842D6093adCcD26e955736616,6314
0x57F47516c25Dd3843B42C24AaB705647D949DA99,2194
0x51E12d47C8E09ED590aF7c09B47E611eDd113c88,3795
0x162Ec59553780459477cE0975f0981D931826F7b,2197
0x557c0E3F499D412BD70ca11A77555e71C7cB0E48,1231
0xB4677707b601D6d8645ab9fce58986F11Ff9e77d,7619
0xc81a0fD707F6A0A1d357042c896B99f01966001A,6108
0x1297c28b6e7F0f7D75A8E39b063279Aa485Ead43,6204
0x000bfCf734b5bDB4DFbAd2A77Af254633c15cb9B,4556
0x75288c568C0bf58588819F5A74F4568d5a5F7105,7398
0x3E0DceEc61167fcb698A03dC0d831e629583EA08,2140
0xFD0d5c917c9Cde98575Ff70dDAF26b197EAd02C3,3733
0x8C32f2b0CC567668F1773095FE3696d6F0ac2C55,6879
0xEf3Ed1977501D828E232c6C93c2468fe941E196d,4511
0xdE537987dE64582Cbc71976aE51362C6024D3803,1318
0x03f7E6D246C67585E5Eb8334802f671D8eb46E72,2808
0x7f8cd9C10B28a2637afD431CBEaFC0a67947F56d,2378
0x284D3d343af388fB6Ac590d71e5581626aE32e25,7394
0x6Fbd05422844Bd062606BaF47FB153D521FB0Ea1,6978
0x6cF5Ff1eE7DAc7fC553878a617EBc36DCED66f49,6597
0x7f58CB13f92be6e75688DE866381665166deed94,3736
0xc32623711384e2fEE8c1463f78Feca3A301dd7D5,4240
0x555585A314027CbcAecAeBEDe39CeF50B1C1D1E2,2604
0xEa9063A4B638E55B909da6E9069B3B31CAa54018,5345
0x40627757Eb2Cc06126bf30210eED5c8bd716EEc3,2757
0xB51D0aeDf4A3Ad1e83769F2927c1dC492dfD3D56,6454
0xE5D6a02afD2E0ecf3D10fe40737D0eb515CDf362,1801
0xcA442c37C2606a2373EB427d4dF76F1fdf5278e6,6052
0x6d5B88f5e9c2BA553B0b2d999396C7c5458eF5e3,1227
0x90e5e5a2AC1747CC3687f26Bb295Fe49890c4155,5161
0x94728DC0a3fAa32456B657eA0D9E2AfacFDE641a,1470
0xd3C8Cf425801a3065C95969e2f71C363644e33Ad,2807
0x21b6F3a7C37F5C9E5C81a55D1C537601A2d30D41,7439
0x41d78eBf48f8B4dcA3409a2574BfEecB1629EBc1,5243
0x600f8994BC039A046F6CB2471f939F86BB0EE8B8,7417
0x881d999d268FfB2c55Bb039b3DF7DE131cB9E700,5594
0xbdF474700Ee3b99BD7367383CE7C4eEeb557aaff,1418
0x67c110284fE3cBef486518b9abF4ECD43d9e7731,2250
0x677C7Dc7bd9C1A5b80f7CDbcbB6F96fF1A3776Ad,6795
0xAd33Fb55dc39AA8EcAF8A951Db8D305cE4b9Ab59,3923
0xb1b27B52769aa2c1ac813c23D1360a448306e02e,6808
0xbB1E94d9d04f5295C82e012F28e0097CC33d2Cd0,5485
0x9674cbbCe61b18F9a7dB79f1D48AfaC06e71dF07,7562
0x70936f6c1594Df704EEC9cE074068C079909d876,7071
0x92f3ed6fcDC8e2D8B7F829cF880EDAf5D49404FC,7134
0x75B191EbB2F5CE74d015CE7448a431Af8DB210aE,3043
0xD4F0E2c7f7895B59AcEB9EAC0865486D85804c9C,2455
0x638f1A6B5857e08787B74765221415AfE0e6a3b0,7535
0xA61d711fd6FffEc075B7C4f3C5aE6584B8d0b243,1022
0x1Cd6cfdE01E548bC196dceeFa7Ac701eCE7eEE91,1464
0xBF51B706a45cB562A5fd072Fcd029F004cbE18a3,7052
0xb36A4b4a2337516Fe9066061109B58c211Ea83B7,4933
0x3b4961AE8834EB41DDD6782353CF0Ae6b2556F61,5577
0x6978505f2957EED27B88885A4Ca9bBBB71f9728B,7457
0xB0dbD8F84E03c8f8862FfeB84cf6ddEB79BAec49,6137
0x3634c7C24557653fE0294eb1371055C620fcb670,3081
0x9947327Aaff584ADaCa1f884DAc41A90F2957c6B,6444
0x3c07Efd264B8B787A10A93C96757509de9Cbb87a,6439
0x1C20AE2e6A1DD6630764A6995620b71644f03C90,3695
0x324d9b9e635df3c6e69Bdf10faB8FA7714CDF9B4,7586
0xFE36D5278B95Ac18a3D2c0A3faaE3782C8693236,1712
0xcdEE0fB4AE39c7d224b32Ad39b9Da93b1cD4Bb2B,3105
0xA18fA2692b9c741877A88aE31FaB52e91b03acf3,2007
0x657A5111bC087077283f2DBC61bE9fd4d0641457,4333
0x9eB29450323D95785d389C7eEF582aA5c09FBa79,2918
0x3A8c12Bf47705a200c0C6B42E5Cfc7eaBef2f67d,5130
0xfE55eB8fE5bab81A61E5909DCD6F1f441911DDc3,1626
0xdc26d0FD2cfA36cd3f5612d14B8b48159969719E,6259
0x94F64Ac24534b3C29Aca3c977e9384BBed6D0a8D,7542
0xF72EFD8A589cd7890746D5a3ecF89c799DA3BAF3,4197
0x6d9683f63B1d3c87b3D3a39C2999F474dB919e22,1052
0x06F70Cd1Addd62528B70349C0B015c214bA63d4A,3461
0xcA62cDCAf1bAae69Da6AaB95A2fd2326EAe790d5,3689
0x9d3154e9A643fc3C2Bc1314E64eF086740E854e9,6128
0x3c3CC694fFd50640E5742bF4D3EF50207478d188,6004
0xA5002CF9467a6Bf06f8A85c76835004345598f1F,7156
0x4fb61745f99A4B35169Bc0F013803E69349Faa59,4307
0x3950875c3D007652d01C8B85E7dD55fC5c89084f,6398
0xC23B0507a26060406be82B4675C9D648c70CeDD8,1950
0xa79E383276c6870a522977Bb825223B0938e9420,1626
0x8009547c98E9c65436e2d428D02e52cF98F4715c,3073
0xb114FE3c0b8969b40B7d66a2995c615727B1D097,3264
0x163C3Cb62fE2507931fd02a0f737f8B55ff81734,2707
0xd034a622f6de36b7445d04848acAf54F81Fa5F3B,6382
0xB1E377B0a82ADe33f12Ea07e960eBFAc8fCAa6fd,3718
0x8fD3568eFD5B22955fd1d29a26F15C927A260470,3480
0x5DAfD55A81e26A361Ef6bfeA3761048B5bd264CC,3061
0x5EAeC95E7ef0415189C912211a2c97ceE51A3bDD,3127
0xFebdB330e8580A467C0d627D21A56c2f75786F2F,5353
0x25f1876F1AE5A516Ec175Aa934222c903a43F43A,4988
0xE67EE4D98741B2aBe040A900c5092eC9aaE8528D,4199
0x8f658D8E2439c4dF9daeA0F30FDEAd76D273f122,3267
0xC74e7A7132084D2c81b859491a621D1112b190fC,4770
0x6AB9D90082e5176196fa4F2f2823AE9b921dD517,3911
0x28592f10921bd669D02D06043a317F637faE9E70,7200
0xDb6C661eAa7bc832835Fc1CB071F804B1e77EcfC,2905
0xB629ceaf16A0eA12173876e18edc063E4c49FEad,2978
0x7F3e55Ac7339165C9aaD64A905901198ec0c6387,2961
0xF05047ad88ACc239658122b7AacDeD93B7cF673A,4178
0xE8B7012C7c33Edd733591F60C7f380F0d965eE1D,3028
0xe06F0A14a7fD4Fe3CB9835a29BfE6eDAaBA28161,1987
0x84C5E5b00EeF95ef745F4705EC419686b4553169,7639
0x4dA7C7E4ca2E569196C56f072841d59174C60268,5271
0x988f0B5Bbaf4085f3F2aF3424077751c131eF154,1998
0x7199708944e04164cF34C9FAfC8B37347B31cBF9,7073
0x86E535e7C481492ebb35Ab53a5D0179bA2Ca4B69,6198
0x8361B8ca3C63bC02B6a08c423464A1bF18Af404e,1116
0xA5c9Ff3440412994B7d758afC230C260056c9589,7244
0x720e23aE4171575E95D4Aa7AD8B5196f62683A1c,2674
0x25dF19F58AbF7573B0D66B123c1fffa0779099f3,954
0xBCec54f3065FF9478F1Ca690Cd6878a0d6EB3cAF,5152
0xD48Ef0956A12f8Cd93eab750E31768BF30c6a006,6481
0x334d6B20D7456C471dc4Cf1e1eAb0FA66D0C19E2,2460
0x392a506d965d075B2710719662c8c1bC00083CB6,2974
0xc465fC50eCF76faF95c83D14A325dE58ab745904,3181
0x681BD13401c441e9F7021A9Cc19d14D8557502D1,4389
0xC322fb1532BAeBC56E3Aca6BEe3b6783e7A368E5,1311
0x9876E2068B267F6d12fd59b47fc6465C3433443E,1878
0xb9B72F3F0C3406cB49b84ED48bc97c87FADbD5fe,5444
0x65ff84B836a1B773AB2304494323969F3392832F,7678
0x8311AD061F90e007639e6e3f03A83A442324bB68,5343
0x35515Ff6Ce602B528ea84489021aBa644bD8aF42,3449
0x2b1eBe4F4fb84D873Ac95721cdC3478a20FeAdcC,3090
0xdF949b95835B5380583Bd29B08fB9e763c4Bca3d,6076
0xC1232a042D1FA359F4d4a71EEB59dACDE94f28F7,2787
0x7714c82f6F4C44455b6D294795e37229C7868960,3606
0x13234204D3D821a2b581Bd5acC3B75422714F112,5556
0x3390D5f0532ad17d46Fe1bAdACe58CC4D011D5ea,1279